,Unnamed: 0,bug_id,at_1,at_2,at_3,at_4,at_5,at_10,component,assignees,author,chosen,similar_bug,jaccard_score,history_at_1,history_at_2,history_at_3,history_at_4,history_at_5,history_at_6,history_at_7,history_at_8,history_at_9,history_at_10,history_at_1_v,history_at_2_v,history_at_3_v,history_at_4_v,history_at_5_v,history_at_6_v,history_at_7_v,history_at_8_v,history_at_9_v,history_at_10_v,code_at_1,code_at_2,code_at_3,code_at_4,code_at_5,code_at_6,code_at_7,code_at_8,code_at_9,code_at_10,code_at_1_v,code_at_2_v,code_at_3_v,code_at_4_v,code_at_5_v,code_at_6_v,code_at_7_v,code_at_8_v,code_at_9_v,code_at_10_v,api_at_1,api_at_2,api_at_3,api_at_4,api_at_5,api_at_6,api_at_7,api_at_8,api_at_9,api_at_10,api_at_1_v,api_at_2_v,api_at_3_v,api_at_4_v,api_at_5_v,api_at_6_v,api_at_7_v,api_at_8_v,api_at_9_v,api_at_10_v,report_time
385,6059,347302,0,1,1,1,1,1,JDT-UI,Dani Megert,Dani Megert,Markus Keller,30706,0.03524904214559387,JDT-UI-Inbox,Martin Aeschlimann,Markus Keller,Dirk Baeumer,Benno Baumgartner,Dani Megert,Tobias Widmer,Adam Kiezun,Erich Gamma,Claude Knaus,297.18531949558775,294.8776412481409,255.52747828120397,243.1676137119361,206.8304232508216,183.87689741213936,179.25775451185288,134.35027220668042,131.65966739605628,98.73311268629273,Dani Megert,Markus Keller,Martin Aeschlimann,Raksha Vasisht,Deepak Azad,Benno Baumgartner,Dirk Baeumer,teicher,Adam Kiezun,Erich Gamma,80.08506882084605,74.11024637854129,48.98694181935422,44.93549467578434,40.98450571065487,29.29759059805207,25.59294312074421,22.353395850146256,21.899511891780413,21.40243841047463,Markus Keller,Dani Megert,Martin Aeschlimann,Adam Kiezun,Benno Baumgartner,Dirk Baeumer,Deepak Azad,Darin Wright,Raksha Vasisht,Tobias Widmer,216.901534921644,184.74232771221816,102.5859374881222,100.88638643487177,66.50635387347586,63.884852704944066,61.89265359715753,61.582513671770535,50.50242791218642,42.315248839663205,2011-05-26 12:32:51
130,5804,306752,1,1,1,1,1,1,JDT-Text,Dani Megert,Dani Megert,Dani Megert,178819,0.11875,Dani Megert,JDT-Text-Inbox,Tom Hofmann,Benno Baumgartner,Christof Marti,Martin Aeschlimann,Markus Keller,Claude Knaus,Kai-Uwe Maetzel,Tomasz Zarna,51.604787863022935,33.566954501290326,17.581731369715072,16.046655368324462,8.688015396851723,6.158771820480451,5.839355133331367,3.5493716373877726,2.942512564391345,1.9014762770815468,Dani Megert,Markus Keller,Martin Aeschlimann,Dirk Baeumer,teicher,Adam Kiezun,Tobias Widmer,Benno Baumgartner,Claude Knaus,Kai-Uwe Maetzel,6.4944069733545575,3.034993530333625,1.7907860326514409,1.669700435389092,1.1172461498655406,0.8034189978655247,0.7509821801093879,0.6725016136365629,0.5565786511475744,0.503046001758316,Markus Keller,Dani Megert,Martin Aeschlimann,Benno Baumgartner,Tobias Widmer,teicher,Dirk Baeumer,Darin Wright,Adam Kiezun,Claude Knaus,405.9651975694198,320.118436878396,141.59928739022382,80.5703999807171,64.02941313802026,63.27179227380189,60.8191760338099,58.69335739505732,47.113661865854,34.16955943564157,2010-03-22 18:41:45
132,5806,306763,0,1,1,1,1,1,JDT-UI,Dani Megert,Dani Megert,Markus Keller,178819,0.10497237569060773,Martin Aeschlimann,Markus Keller,JDT-UI-Inbox,Dani Megert,Benno Baumgartner,Dirk Baeumer,Tobias Widmer,Adam Kiezun,Erich Gamma,Moshe WAJNBERG,28.48892314226624,26.475066777159764,24.19787342828864,14.425778096793456,14.063043808628011,13.08569858581487,11.413028788303551,10.202380949878906,9.515481528502368,8.712015088641353,Dani Megert,Markus Keller,teicher,Dirk Baeumer,Martin Aeschlimann,Benno Baumgartner,Tobias Widmer,Claude Knaus,Andre Weinand,Adam Kiezun,10.965615133178408,9.257264834187364,2.5022382647292694,2.4852961055663942,2.2872218908679582,2.1545288090453005,1.8453972880897744,1.591173926763516,1.5370576322365357,1.5166414883201222,Markus Keller,Dani Megert,Martin Aeschlimann,Benno Baumgartner,Tobias Widmer,teicher,Dirk Baeumer,Darin Wright,Adam Kiezun,Erich Gamma,753.4054378507586,495.9171924376014,219.43989123592087,137.72239994899564,108.76365151646893,106.52453063156237,101.70955572553305,87.93320717232366,78.04291748911554,56.18782641995709,2010-03-22 20:05:53
261,5935,327079,1,1,1,1,1,1,JDT-UI,Markus Keller,Markus Keller,Markus Keller,116342,0.14942528735632185,Markus Keller,Martin Aeschlimann,JDT-UI-Inbox,Benno Baumgartner,Tobias Widmer,Dirk Baeumer,Erich Gamma,Dani Megert,Adam Kiezun,Karsten Becker,14.705712707851152,14.05924216914127,11.534295183688474,10.939587032531424,9.720122234216056,9.417269042191542,8.096818425040473,7.789313976012447,6.277214155877675,3.933552576031951,Dani Megert,Markus Keller,Raksha Vasisht,Benno Baumgartner,Martin Aeschlimann,Deepak Azad,teicher,Tobias Widmer,Dirk Baeumer,Adam Kiezun,2.893571850540492,2.8595415410162417,1.788440548130544,1.338776290612563,1.3243903235878904,1.217374121061991,1.2150315082263707,1.2144285827878192,1.1793600225928798,1.1151090127556782,Dani Megert,Markus Keller,Dirk Baeumer,Martin Aeschlimann,Benno Baumgartner,Tobias Widmer,Adam Kiezun,teicher,Andre Weinand,Darin Wright,240.84574075429626,171.89062066374458,137.68924456901257,135.04575019318017,84.964103998281,68.22184094339501,64.43376857771918,62.727492569956894,56.4671897775082,52.02473729238829,2010-10-06 09:34:20
271,5945,329614,1,1,1,1,1,1,JDT-Text,Markus Keller,Markus Keller,Markus Keller,55968,0.09615384615384616,JDT-Text-Inbox,Dani Megert,Tom Hofmann,Benno Baumgartner,Christof Marti,Martin Aeschlimann,Markus Keller,Claude Knaus,Kai-Uwe Maetzel,Platform-UI-Inbox,43.74478920654873,33.249585915153254,28.4204949211281,18.575942869492017,9.676395068564677,9.62305297969999,7.403826859652916,7.1112236681846985,4.089448587801615,3.842415531560022,Markus Keller,Dani Megert,Deepak Azad,Raksha Vasisht,Martin Aeschlimann,teicher,Benno Baumgartner,Dirk Baeumer,Tobias Widmer,Adam Kiezun,6.309997280120335,3.0763898459848016,2.011875476241395,1.1482494472343152,1.015513540870889,0.9837548884224284,0.9490517463694516,0.911798818725838,0.8557866447338296,0.8418447680519544,Dani Megert,Markus Keller,Deepak Azad,Martin Aeschlimann,Benno Baumgartner,Tobias Widmer,Dirk Baeumer,Darin Wright,teicher,Adam Kiezun,344.3655318077832,148.9122164881024,136.83033329483746,134.9251393862353,75.54272753942472,58.39407071811564,57.977299173934355,57.686910521685725,56.567026521567065,48.085887233622906,2010-11-06 15:32:47
147,5821,309163,1,1,1,1,1,1,JDT-UI,Markus Keller,Markus Keller,Markus Keller,243712,0.10526315789473684,Martin Aeschlimann,Markus Keller,JDT-UI-Inbox,Benno Baumgartner,Dirk Baeumer,Tobias Widmer,Dani Megert,Erich Gamma,Grant Gayed,Adam Kiezun,13.908953697232482,11.922848483945732,11.05134405183544,10.826078753508034,7.770583035308121,7.495295411698437,7.36916841185516,7.362866926042986,2.951921757705254,2.7168965085429178,Markus Keller,Dani Megert,Martin Aeschlimann,Tobias Widmer,Benno Baumgartner,Dirk Baeumer,teicher,Adam Kiezun,Christof Marti,Erich Gamma,5.7117582392335216,5.437762247894182,2.1997179864244742,1.5783609468523208,1.5732390645898542,1.5161918388961122,1.161606158481049,0.7593979285783544,0.7254791464232521,0.7108008661863565,Dani Megert,Markus Keller,Martin Aeschlimann,Benno Baumgartner,Tobias Widmer,teicher,Dirk Baeumer,Darin Wright,Adam Kiezun,Erich Gamma,597.3340407232388,405.10904601074685,218.67559107460758,136.37216147328448,108.53201969315829,106.04671111116262,101.55254805424086,87.88222716197811,77.98306408189373,56.102346051950285,2010-04-14 16:43:23
277,5951,330680,1,1,1,1,1,1,JDT-UI,Markus Keller,Markus Keller,Markus Keller,18116,0.1068702290076336,Markus Keller,Martin Aeschlimann,Dirk Baeumer,JDT-UI-Inbox,Benno Baumgartner,Tobias Widmer,Dani Megert,Erich Gamma,Adam Kiezun,Platform-Text-Inbox,25.676864282888978,25.295884216797877,22.122675273334107,18.662089628505576,16.802609024708563,16.280788824004635,14.833369527802192,11.600534186970705,11.31029996673238,5.935962838080348,Markus Keller,Dani Megert,Deepak Azad,Martin Aeschlimann,teicher,Raksha Vasisht,Dirk Baeumer,Benno Baumgartner,Adam Kiezun,Tobias Widmer,7.186279450255167,6.908434936067558,4.403076877215208,2.734318162039576,2.447856816623518,2.443829801341181,2.242307250104104,2.1680250007582336,2.099648405693684,2.0971228455426663,Dani Megert,Markus Keller,Dirk Baeumer,Martin Aeschlimann,Deepak Azad,Benno Baumgartner,Tobias Widmer,Adam Kiezun,teicher,Andre Weinand,194.2451138591811,158.44432653452975,136.73734856716715,133.39182029565947,84.43583487934681,82.79412346331854,67.28646828882887,63.695904807050994,61.78709489122539,56.159908085754054,2010-11-19 16:32:02
158,5832,310687,0,1,1,1,1,1,JDT-UI,Dani Megert,Dani Megert,Markus Keller,62398,0.07792207792207792,JDT-UI-Inbox,Markus Keller,Martin Aeschlimann,Dani Megert,Dirk Baeumer,Benno Baumgartner,Tobias Widmer,Adam Kiezun,Erich Gamma,Kai-Uwe Maetzel,18.791178748414765,13.16653322985842,12.324727587710715,9.81805410099399,9.143995791626306,7.986062846983397,7.271853485081331,5.746636715854413,5.41750755468725,3.510722001150158,Dani Megert,Markus Keller,Martin Aeschlimann,teicher,Kai-Uwe Maetzel,Erich Gamma,Claude Knaus,Benno Baumgartner,Dirk Baeumer,Tobias Widmer,4.855712711560198,4.28993909540677,1.6885475980146227,1.5518040544626783,1.3525609711195528,1.2885368000352384,1.287795513732824,1.0897095315184937,1.0442497228850949,1.0259852268421177,Markus Keller,Dani Megert,Martin Aeschlimann,Benno Baumgartner,Tobias Widmer,teicher,Dirk Baeumer,Darin Wright,Adam Kiezun,Claude Knaus,828.6701887067136,671.4754866237333,221.12194040898115,142.0035424259521,107.3149573891475,104.80108710350187,100.44114248978524,87.14624961497901,81.39566518186383,55.31829425599233,2010-04-27 18:26:24
31,5705,294322,1,1,1,1,1,1,JDT-UI,Markus Keller,Markus Keller,Markus Keller,221782,0.0986842105263158,Markus Keller,Martin Aeschlimann,JDT-UI-Inbox,Dani Megert,Benno Baumgartner,Dirk Baeumer,Tobias Widmer,Erich Gamma,Ferenc Hechler,Grant Gayed,33.54650583223429,29.02032257192589,25.72377724861517,25.657192337133388,25.117120353842076,21.48883643961472,14.94014669074434,12.615126014406114,11.747530592963894,10.574072261802248,Markus Keller,Dani Megert,Martin Aeschlimann,Benno Baumgartner,Dirk Baeumer,teicher,Tobias Widmer,Erich Gamma,Adam Kiezun,Andre Weinand,8.76901294207659,7.724311900202178,3.698390125218444,2.76129357337322,2.7361398039814726,2.5364817767115446,2.4156599625945288,2.03733514918259,1.9780889467291145,1.8112222581897033,Dani Megert,Markus Keller,Martin Aeschlimann,Benno Baumgartner,Tobias Widmer,teicher,Dirk Baeumer,Darin Wright,Adam Kiezun,Erich Gamma,581.6476554392917,283.40562706919155,225.44776350015644,150.54100689726025,110.72104274266908,110.43570368323759,103.0845829062528,88.50885024811123,78.99116326109105,57.0982764646855,2009-11-05 14:25:09
164,5838,311162,1,1,1,1,1,1,JDT-Text,Dani Megert,Dani Megert,Dani Megert,49182,0.125,Dani Megert,JDT-Text-Inbox,Tom Hofmann,Markus Keller,Benno Baumgartner,Christof Marti,Martin Aeschlimann,Kai-Uwe Maetzel,Tom Eicher,Claude Knaus,2.1781140932390937,2.1469527945836613,1.7349712578550203,0.7933644729744865,0.6062817874457211,0.5771075630004814,0.3978824959357508,0.3725377029322458,0.20260657282823505,0.1625753955008758,Markus Keller,Dani Megert,Benno Baumgartner,teicher,Martin Aeschlimann,Tobias Widmer,Dirk Baeumer,Christof Marti,Kai-Uwe Maetzel,Erich Gamma,0.082942838161399,0.07121837598513177,0.04601458621194585,0.0457925698578419,0.042899132087416685,0.04173169777326735,0.03879911286236889,0.038570295444694536,0.038342586719296176,0.03826569772553248,Markus Keller,Dani Megert,Martin Aeschlimann,Benno Baumgartner,Dirk Baeumer,Tobias Widmer,Adam Kiezun,teicher,Darin Wright,Erich Gamma,366.6262155357279,285.954638387603,256.0530260528577,90.79143708416422,79.94492136824856,64.85596304706307,62.79471813023611,58.71950379124824,41.165172470989695,36.6504209984796,2010-04-30 12:20:30
50,5724,296781,1,1,1,1,1,1,JDT-UI,Markus Keller,Markus Keller,Markus Keller,27491,0.06779661016949153,Martin Aeschlimann,Markus Keller,Benno Baumgartner,Tobias Widmer,Dirk Baeumer,Grant Gayed,JDT-UI-Inbox,Dani Megert,Adam Kiezun,Erich Gamma,17.023803282424947,13.221038302163029,12.312819397626207,10.61140859728093,10.139110970430306,9.394143123854835,8.706922338532564,6.822169982694497,3.4600115279953125,3.4234903972970425,Dani Megert,Markus Keller,Martin Aeschlimann,Benno Baumgartner,Dirk Baeumer,Adam Kiezun,Tobias Widmer,teicher,Kai-Uwe Maetzel,Erich Gamma,4.20009751232171,4.12420327409303,3.2893437960685374,1.6109777407480435,1.2094073564901804,1.1508424957907857,1.0989524661636274,1.0685037049833108,0.9407767784809312,0.9217906169546496,Dani Megert,Markus Keller,Martin Aeschlimann,Benno Baumgartner,Dirk Baeumer,Tobias Widmer,teicher,Adam Kiezun,Erich Gamma,Darin Wright,579.9893354031942,463.00027600972936,381.5597215264245,170.5652392647096,131.25154177159195,113.88736569046264,105.72000303636128,104.85274344226023,67.02698536787956,66.62473870565208,2009-12-03 10:04:31
437,6111,367465,0,1,1,1,1,1,JDT-UI,Dani Megert,Dani Megert,Benno Baumgartner,212554,0.25925925925925924,Benno Baumgartner,Martin Aeschlimann,Markus Keller,Tobias Widmer,JDT-UI-Inbox,Dani Megert,Dirk Baeumer,Erich Gamma,Adam Kiezun,Till Bay,4.8899045002352235,3.5984565713173775,2.8129151852463745,2.7194679186126574,2.5749066789757853,2.372969882017712,2.3599539655408113,1.5796115565822275,1.077695605996468,0.9486519242206092,Dani Megert,Markus Keller,Benno Baumgartner,Deepak Azad,Martin Aeschlimann,Tobias Widmer,teicher,Dirk Baeumer,Raksha Vasisht,Andre Weinand,1.0875245243561695,0.6192132648750548,0.6133811683314949,0.4581230793981729,0.25684535825465993,0.24219692955709626,0.2381815974671182,0.2344660538425353,0.2331490900588039,0.2301608639418705,Markus Keller,Benno Baumgartner,Dani Megert,Martin Aeschlimann,Deepak Azad,Tobias Widmer,teicher,Dirk Baeumer,Adam Kiezun,Erich Gamma,226.7038489249965,225.408438628574,171.58954392801675,119.96718651719488,107.85656682754671,83.11344654567269,72.49561121357463,65.94580083294775,56.33588586365055,45.885521483447505,2011-12-22 23:30:42
182,5856,313943,1,1,1,1,1,1,JDT-Text,Markus Keller,Markus Keller,Markus Keller,75465,0.17647058823529413,Dani Megert,JDT-Text-Inbox,Martin Aeschlimann,Benno Baumgartner,Deepak Azad,Tom Hofmann,Markus Keller,Christof Marti,Kai-Uwe Maetzel,Claude Knaus,5.089085697547872,4.933565945668604,2.5250618011359043,2.476677974872536,2.298742169024321,2.053478848466176,1.92986444085866,1.0233614016312436,0.9812307168759736,0.6392228468894099,Markus Keller,Dani Megert,Deepak Azad,Benno Baumgartner,Martin Aeschlimann,teicher,Raksha Vasisht,Tobias Widmer,Dirk Baeumer,Andre Weinand,1.890220311069088,1.1553653895001066,0.27452022785337543,0.20001004911081285,0.19348761739563067,0.15529858171477898,0.12906127552395347,0.11836758255461448,0.11575588260126345,0.1134155344419124,Dani Megert,Markus Keller,Martin Aeschlimann,Benno Baumgartner,Tobias Widmer,teicher,Dirk Baeumer,Kai-Uwe Maetzel,Erich Gamma,Christof Marti,211.1584304323689,122.57161969273923,59.92804025099095,53.89113828733223,43.8503273519726,43.512752995883226,32.91294671035265,20.654266849180544,20.608053441593487,18.690370514353305,2010-05-21 17:01:03
443,6117,369558,1,1,1,1,1,1,JDT-UI,Markus Keller,Markus Keller,Markus Keller,42655,0.29411764705882354,Martin Aeschlimann,Markus Keller,Benno Baumgartner,JDT-UI-Inbox,Dani Megert,Dirk Baeumer,Tobias Widmer,Erich Gamma,Adam Kiezun,Platform-Text-Inbox,2.611357066435049,2.561485487184131,2.0158748697226536,1.8420552708198303,1.833996818849704,1.7685653906382246,1.4445938749845768,1.18448075752526,1.0591838483268028,0.7488208420023131,Deepak Azad,Markus Keller,Dani Megert,Martin Aeschlimann,Benno Baumgartner,teicher,Tobias Widmer,Raksha Vasisht,Dirk Baeumer,Erich Gamma,1.4022547649611714,0.9856705612464688,0.452587109126669,0.23970051501630785,0.23958568699674124,0.2270930139958009,0.2270489558132439,0.22624960279680786,0.21520800780750166,0.2117723257197084,Dani Megert,Markus Keller,Martin Aeschlimann,Deepak Azad,Benno Baumgartner,Dirk Baeumer,Tobias Widmer,Adam Kiezun,teicher,Darin Wright,820.5710242987607,468.386667069968,339.66070778391486,269.80333949751866,123.2416780681362,119.09342963991544,94.94026397366972,94.91146254058286,85.41162281010891,63.3836480197759,2012-01-24 17:24:16
576,6250,410830,1,1,1,1,1,1,JDT-Text,Dani Megert,Dani Megert,Dani Megert,64108,0.14545454545454545,Dani Megert,JDT-Text-Inbox,Tom Hofmann,Markus Keller,Christof Marti,Benno Baumgartner,Martin Aeschlimann,Deepak Azad,Claude Knaus,Kai-Uwe Maetzel,18.55208316368048,18.38442209297443,11.994438997589473,6.884813793226348,6.680840719466599,5.8095238012758585,5.7604873318318175,4.9181088810926905,3.3548017777459784,2.7455364079058024,Markus Keller,Noopur Gupta,Dani Megert,Manju Mathew,teicher,Tobias Widmer,Dirk Baeumer,Deepak Azad,Claude Knaus,Martin Aeschlimann,1.1157307826059712,1.0752747769822513,0.9356123639241222,0.7709706355434002,0.5362287205738208,0.5193277761904658,0.492915370521029,0.4382391591486132,0.4367671553120465,0.32752052288492073,Markus Keller,Noopur Gupta,Dani Megert,Martin Aeschlimann,Benno Baumgartner,Christof Marti,Tobias Widmer,Deepak Azad,Dirk Baeumer,teicher,90.76376380864781,70.88633850830783,50.935296584518774,31.025486580627852,25.24803773646107,22.618579588412896,21.37780139224326,20.11862051944426,19.700463865512862,18.55755754131387,2013-06-14 15:30:38
454,6128,373885,0,1,1,1,1,1,JDT-UI,Dani Megert,Dani Megert,Markus Keller,239695,0.10559006211180123,Martin Aeschlimann,Markus Keller,Benno Baumgartner,JDT-UI-Inbox,Dani Megert,Dirk Baeumer,Tobias Widmer,Erich Gamma,Adam Kiezun,Claude Knaus,25.93294210081625,18.401216259979343,16.93022211052468,15.819818912699395,15.574904828152551,13.844147832997296,13.313635596382158,9.285229407781207,7.1597514520065895,4.600794006294863,Dani Megert,Markus Keller,Deepak Azad,Martin Aeschlimann,Tobias Widmer,teicher,Adam Kiezun,Benno Baumgartner,Dirk Baeumer,Erich Gamma,4.894747803220423,4.667864822231217,2.8933661190357705,2.34989666416674,2.17718926456729,1.9156252988170042,1.8944694687065335,1.8528718133156428,1.8184322949021408,1.6322185134400042,Markus Keller,Deepak Azad,Martin Aeschlimann,Dani Megert,Benno Baumgartner,Tobias Widmer,teicher,Dirk Baeumer,Erich Gamma,Kai-Uwe Maetzel,833.7511495030757,224.39760117320918,189.0683405054664,164.77928169165574,97.71767392941959,85.34788388554999,77.98857904424254,71.23349397137684,51.95231962332874,40.91593363001963,2012-03-11 12:23:01
459,6133,374264,1,1,1,1,1,1,JDT-UI,Markus Keller,Markus Keller,Markus Keller,159337,0.14049586776859505,Martin Aeschlimann,Markus Keller,Benno Baumgartner,JDT-UI-Inbox,Tobias Widmer,Dirk Baeumer,Claude Knaus,Dani Megert,Adam Kiezun,Erich Gamma,37.721146492173375,36.04751652624022,35.26441753400415,30.023543293145558,27.321888717232934,21.43388463997199,14.687085864075707,12.800425927487414,10.298236684611142,9.399982166071775,Dani Megert,Marcel Bruch,Markus Keller,Deepak Azad,Raksha Vasisht,teicher,Martin Aeschlimann,Tobias Widmer,Adam Kiezun,Benno Baumgartner,15.031356663156455,14.662717298381734,12.754079671485494,10.053785148353263,2.9990301444417966,2.8939979325183507,2.573661062282728,2.5429525065374965,2.4108684063273658,2.376431166340516,Dani Megert,Markus Keller,Benno Baumgartner,Deepak Azad,Martin Aeschlimann,Tobias Widmer,teicher,Dirk Baeumer,Marcel Bruch,Adam Kiezun,412.7288959577351,383.32359192029776,224.3579704593169,185.76172043365798,118.57290722585027,81.94262079818691,71.2239498717057,64.84681160580408,60.86634187406043,55.263761207996815,2012-03-14 16:03:26
461,6135,374920,1,1,1,1,1,1,JDT-UI,Dani Megert,Dani Megert,Dani Megert,157860,0.1153846153846154,Martin Aeschlimann,JDT-UI-Inbox,Markus Keller,Benno Baumgartner,Dirk Baeumer,Dani Megert,Adam Kiezun,Erich Gamma,Tobias Widmer,Claude Knaus,10.97007925916066,6.4142489771334485,6.291131769586119,6.1169400123206135,5.160019985516028,4.9321326690405085,4.0430326628833635,3.935109851467352,3.4789047966556623,2.8649840256186847,Dani Megert,Markus Keller,Deepak Azad,Martin Aeschlimann,teicher,Dirk Baeumer,Benno Baumgartner,Szymon Ptaszkiewicz,Tobias Widmer,Erich Gamma,5.179396050288152,3.1804176818353214,2.289279770289516,0.9510006619885324,0.9408305858366632,0.8135923588453083,0.7671779124054566,0.6843465187425032,0.6343693075456436,0.6172810298988862,Markus Keller,Dani Megert,Benno Baumgartner,Deepak Azad,Martin Aeschlimann,Tobias Widmer,teicher,Dirk Baeumer,Adam Kiezun,Erich Gamma,566.6185101782871,303.88413579906336,224.25592567961624,149.2925254816511,118.50313309363928,81.90718724557705,71.18350173549142,64.8220170480406,55.251215272695674,44.92887750652571,2012-03-21 15:01:51
220,5894,319689,1,1,1,1,1,1,JDT-UI,Dani Megert,Dani Megert,Dani Megert,96814,0.05429864253393665,Martin Aeschlimann,Dani Megert,JDT-UI-Inbox,Markus Keller,Dirk Baeumer,Tobias Widmer,Erich Gamma,Benno Baumgartner,Adam Kiezun,Andre Weinand,92.14534870798285,82.04454916879007,75.82460758403744,70.47479581342333,57.18828826175853,48.355255234912846,43.837491888667955,43.8084546004887,28.597389293779212,26.03749379759833,Markus Keller,Dani Megert,Deepak Azad,Martin Aeschlimann,Raksha Vasisht,Benno Baumgartner,teicher,Dirk Baeumer,Kai-Uwe Maetzel,Tobias Widmer,15.545800063968956,15.212522329569733,8.176531600369087,7.0332067548343495,6.638346561956898,5.234524067082963,5.168135012399794,4.88979117798433,4.859133870306633,4.464386813130772,Markus Keller,Dani Megert,Dirk Baeumer,Martin Aeschlimann,Benno Baumgartner,Tobias Widmer,Adam Kiezun,teicher,Andre Weinand,Darin Wright,219.0724801073191,192.63620238263127,138.5387312420669,137.14961251852094,88.03735572898101,69.2085775918261,64.94442716771823,63.98851967705186,56.93368012340848,52.42590793479803,2010-07-13 11:51:35
94,5768,302470,1,1,1,1,1,1,JDT-Text,Dani Megert,Dani Megert,Dani Megert,265638,0.12244897959183673,Dani Megert,JDT-Text-Inbox,Tom Hofmann,Benno Baumgartner,Markus Keller,Martin Aeschlimann,Christof Marti,Tomasz Zarna,Claude Knaus,Adam Kiezun,556.6382387449752,468.569080437105,287.72008316587613,260.6980894923092,180.95980467953999,162.69135501744012,158.49141287982613,92.3970684385365,55.36940044066171,49.343374776611824,Dani Megert,Markus Keller,Martin Aeschlimann,Benno Baumgartner,teicher,Raksha Vasisht,Dirk Baeumer,Tobias Widmer,Kai-Uwe Maetzel,Erich Gamma,38.326297681756955,32.976733810725555,15.02393315264312,10.798942510028992,9.483201820355598,9.104634673283883,8.570218923041567,8.520436220208962,8.12908611316775,7.951200772078717,Markus Keller,Dani Megert,Martin Aeschlimann,Benno Baumgartner,Tobias Widmer,teicher,Dirk Baeumer,Erich Gamma,Kai-Uwe Maetzel,Christof Marti,585.3033263341796,193.0623995038833,143.01581112260428,72.57064655777721,57.40042525536357,53.76535994081211,45.06041752883078,32.11443197222402,24.675847663290032,23.67539796636784,2010-02-10 18:01:21
97,5771,303155,1,1,1,1,1,1,JDT-UI,Markus Keller,Markus Keller,Markus Keller,33755,0.12121212121212123,Markus Keller,Martin Aeschlimann,Benno Baumgartner,JDT-UI-Inbox,Tobias Widmer,Dani Megert,Dirk Baeumer,Adam Kiezun,Erich Gamma,Till Bay,7.523453212791678,7.2429451018079325,5.950666801974699,5.853632755283858,5.823559363239174,5.02476404238117,4.8650650075699495,3.235447766366806,2.4345334054822434,1.878235487246504,Markus Keller,Dani Megert,Benno Baumgartner,Martin Aeschlimann,Tobias Widmer,teicher,Dirk Baeumer,Andre Weinand,Erich Gamma,Kai-Uwe Maetzel,1.9629544133852888,1.6879171427472603,0.6982066920957186,0.653857756079294,0.5629653352993392,0.549048994193826,0.538680947906544,0.5216236528846258,0.5186149748329729,0.5112014444441302,Dani Megert,Markus Keller,Martin Aeschlimann,Adam Kiezun,Benno Baumgartner,Dirk Baeumer,Darin Wright,Tobias Widmer,teicher,Erich Gamma,248.8366761380853,155.6720641298742,115.02743889906408,106.22730349689486,83.70219039722262,70.24598937533733,63.86460119980878,49.04930658517329,46.54528174214443,42.006966425469535,2010-02-18 08:13:04
98,5772,303163,1,1,1,1,1,1,JDT-UI,Markus Keller,Markus Keller,Markus Keller,177796,0.6363636363636364,Martin Aeschlimann,JDT-UI-Inbox,Markus Keller,Benno Baumgartner,Dani Megert,Tobias Widmer,Dirk Baeumer,Erich Gamma,Adam Kiezun,Platform-Text-Inbox,2.9479685477932316,2.8283660267194097,2.6087901053437403,2.3293035031556477,2.15857925892609,1.7576167527505566,1.673014381993022,1.1359597419519765,0.9630348221164868,0.7826936870621213,Markus Keller,Dani Megert,Martin Aeschlimann,Benno Baumgartner,teicher,Tobias Widmer,Dirk Baeumer,Raksha Vasisht,Erich Gamma,Claude Knaus,0.9918145357366258,0.7624399373077939,0.3086978100164023,0.3009809206797265,0.29724771009980144,0.2589104172618084,0.2505590844249091,0.23792436725748695,0.23680127539654305,0.23326518452705075,Benno Baumgartner,Dani Megert,Markus Keller,Martin Aeschlimann,Tobias Widmer,teicher,Dirk Baeumer,Adam Kiezun,Erich Gamma,Christof Marti,395.0870094364225,332.5614870996829,255.17056658368654,145.40361547615367,99.60985996398172,88.37381096397046,76.07000632793671,62.57272286199623,52.7144355527241,47.37744109189975,2010-02-18 10:28:25
363,6037,342249,1,1,1,1,1,1,JDT-Text,Dani Megert,Dani Megert,Dani Megert,51763,0.0970873786407767,JDT-Text-Inbox,Dani Megert,Tom Hofmann,Benno Baumgartner,Markus Keller,Christof Marti,Martin Aeschlimann,Kai-Uwe Maetzel,Claude Knaus,Deepak Azad,25.66567666890061,22.362581971908078,15.47735309067116,9.654160221559028,8.058082786164386,6.4367871479978405,6.039603012348193,5.2711938378450665,3.7426649370385943,2.5155998235286794,Dani Megert,Markus Keller,teicher,Martin Aeschlimann,Tobias Widmer,Benno Baumgartner,Dirk Baeumer,Kai-Uwe Maetzel,Deepak Azad,Erich Gamma,3.643804727748181,2.0242944416438453,1.5951512843822115,0.8587130301084405,0.848067013522529,0.8318854092441708,0.6847099951294267,0.6726558929577471,0.5606645665061775,0.5086114526791761,Markus Keller,Martin Aeschlimann,Dani Megert,Benno Baumgartner,Dirk Baeumer,Adam Kiezun,Tobias Widmer,teicher,Deepak Azad,Darin Wright,307.23279765254813,239.8766116336327,178.44049200729432,78.4840842734899,75.78530385142562,59.62698943227164,58.47221194061887,52.37427742865668,44.218451759054325,40.381097563072565,2011-04-08 09:12:25
492,6166,385989,1,1,1,1,1,1,JDT-UI,Markus Keller,Markus Keller,Markus Keller,27415,0.08547008547008547,Markus Keller,JDT-UI-Inbox,Benno Baumgartner,Martin Aeschlimann,Tobias Widmer,Dirk Baeumer,Dani Megert,Adam Kiezun,Erich Gamma,Karsten Becker,25.60416045052364,22.858006485738247,19.670532899507805,19.64941521426717,15.795285776817453,14.727417649135303,12.743928056003206,11.31031947959786,8.524796469063961,7.439700324927259,Deepak Azad,Markus Keller,Dani Megert,Martin Aeschlimann,Dirk Baeumer,Benno Baumgartner,Tobias Widmer,Adam Kiezun,teicher,Raksha Vasisht,5.254727282482944,4.8910840207878,4.212972558315877,3.154794620472136,2.236100128453709,2.2338514011987147,2.1906562582904114,2.0633952582088253,1.8154299013971975,1.7248197149804154,Dani Megert,Markus Keller,Deepak Azad,Dirk Baeumer,Martin Aeschlimann,Benno Baumgartner,Tobias Widmer,Adam Kiezun,teicher,Andre Weinand,298.5127266900901,222.24089729967525,170.75927986559867,132.12484777628032,123.05129342029228,70.25549401300283,60.27526574736878,60.271207417661635,54.687621688631275,54.655521076976655,2012-07-25 21:33:09
110,5784,303794,1,1,1,1,1,1,JDT-UI,Dani Megert,Dani Megert,Dani Megert,129730,0.14285714285714285,Dani Megert,Martin Aeschlimann,Markus Keller,JDT-UI-Inbox,Benno Baumgartner,Dirk Baeumer,Tobias Widmer,Erich Gamma,Adam Kiezun,Thomas MÃ¤der,9.164835622658217,8.209830924172241,6.989387013074428,6.2203308288882875,4.690498908924241,4.55242869554774,3.4414974973798214,3.3866628366310665,2.8495345853816967,1.7904729459049082,Dani Megert,Markus Keller,Martin Aeschlimann,Dirk Baeumer,Kai-Uwe Maetzel,Benno Baumgartner,Erich Gamma,teicher,Tobias Widmer,Adam Kiezun,3.1152416362837005,2.9970804739997514,0.9431910995246324,0.8324900063266294,0.80399211857858,0.6802155024356843,0.6618426825517431,0.5911446308741392,0.5837862207324367,0.5183359685374362,Markus Keller,Dani Megert,Martin Aeschlimann,Benno Baumgartner,Dirk Baeumer,Tobias Widmer,teicher,Adam Kiezun,Erich Gamma,Darin Wright,784.560777083509,533.7072996593237,375.06123127797065,158.42584007461863,130.52193908316013,112.77903238502792,103.39682070044044,101.91663736979959,66.62726076508615,66.42399664660304,2010-02-24 18:19:51
111,5785,303945,1,1,1,1,1,1,JDT-UI,Markus Keller,Markus Keller,Markus Keller,93988,0.2857142857142857,Martin Aeschlimann,Markus Keller,Benno Baumgartner,Tobias Widmer,JDT-UI-Inbox,Dani Megert,Raksha Vasisht,Dirk Baeumer,Adam Kiezun,Erich Gamma,5.725407358046,4.175168034208116,3.592409594966285,2.490032682781408,1.9215038782726968,1.8399443113263232,1.7630039949101002,1.1760897410273348,0.9866434237304309,0.8334405056267928,Markus Keller,Dani Megert,Martin Aeschlimann,Tobias Widmer,Dirk Baeumer,Benno Baumgartner,teicher,Andre Weinand,Erich Gamma,Christof Marti,1.9520775546782223,1.7226284329744368,0.5382476716235315,0.4831725583497362,0.4691469420005122,0.30030424184773885,0.2649301493525777,0.16976891490694065,0.1687290231417796,0.1680570625805347,Dani Megert,Markus Keller,Martin Aeschlimann,Benno Baumgartner,Dirk Baeumer,Tobias Widmer,teicher,Adam Kiezun,Erich Gamma,Darin Wright,840.8409322903157,561.9424811301159,375.0179722379382,158.3508669999409,130.5135891298399,112.76651655925608,103.37267095183864,101.91307321048481,66.62266007454524,66.42166722615329,2010-02-25 18:12:26
241,5915,322914,1,1,1,1,1,1,JDT-Text,Dani Megert,Dani Megert,Dani Megert,99330,0.14285714285714285,Dani Megert,JDT-Text-Inbox,Tom Hofmann,Benno Baumgartner,Christof Marti,Claude Knaus,Martin Aeschlimann,Raksha Vasisht,Tom Eicher,Kai-Uwe Maetzel,9.69475189780282,7.445216376243879,2.565449680898281,1.6556155630589182,1.1150461671536898,0.939724775378064,0.6407161843990052,0.582997006591389,0.4477897869335024,0.30057016298560824,Dani Megert,Markus Keller,Raksha Vasisht,Martin Aeschlimann,Dirk Baeumer,Deepak Azad,Benno Baumgartner,teicher,Kai-Uwe Maetzel,Erich Gamma,0.455426281508823,0.4421165005533352,0.29103679983966363,0.19920090408880406,0.18925395455067093,0.14179046769178247,0.13767546003405254,0.13433479945080776,0.12009653166733443,0.10491432701876464,Markus Keller,Dani Megert,Martin Aeschlimann,Deepak Azad,Benno Baumgartner,Tobias Widmer,teicher,Dirk Baeumer,Darin Wright,Adam Kiezun,323.38614445464685,302.97892038693647,137.65504954026443,85.89721555332677,77.53423544046,59.01872777715877,58.73180631878955,58.48474011156075,57.77734671940794,48.41596975311406,2010-08-17 15:42:07
371,6045,343422,0,1,1,1,1,1,JDT-UI,Dani Megert,Dani Megert,Markus Keller,238819,0.1875,Martin Aeschlimann,Markus Keller,JDT-UI-Inbox,Dirk Baeumer,Dani Megert,Tobias Widmer,Benno Baumgartner,Erich Gamma,Claude Knaus,Adam Kiezun,3.0991831892135484,2.86935232962551,1.9371879291041318,1.9148641386849,1.8867696164995509,1.6309611848689842,1.6075940631025671,1.0822998679926037,0.9972710459732584,0.9143599379876002,Dani Megert,Markus Keller,Deepak Azad,Raksha Vasisht,Martin Aeschlimann,Benno Baumgartner,teicher,Tobias Widmer,Dirk Baeumer,Andre Weinand,0.8478011255738804,0.6444157724988394,0.40857814887418203,0.2765430015073126,0.1922736814722767,0.18786329608394228,0.1787627637369689,0.17102099715237978,0.16166565042164205,0.16165247876627453,Markus Keller,Dani Megert,Martin Aeschlimann,Deepak Azad,Benno Baumgartner,Tobias Widmer,teicher,Dirk Baeumer,Erich Gamma,Kai-Uwe Maetzel,941.3727109134925,396.8474750478241,195.53429501719813,155.6522403469162,106.6266936544823,91.80495137146576,83.63954438405655,74.7722541450008,53.6354111898916,43.520150388753216,2011-04-20 14:37:55
244,5918,324237,1,1,1,1,1,1,JDT-UI,Deepak Azad,Deepak Azad,Deepak Azad,21939,0.11666666666666667,Markus Keller,Martin Aeschlimann,Benno Baumgartner,JDT-UI-Inbox,Dirk Baeumer,Dani Megert,Tobias Widmer,Adam Kiezun,Erich Gamma,Karsten Becker,15.381588101142846,13.423696985071292,10.439168637654843,10.197523414817724,10.187921104078283,8.447873811562454,8.249447825516732,7.747108398411125,5.902777261726582,3.863640113663575,Deepak Azad,Dani Megert,Markus Keller,Raksha Vasisht,Martin Aeschlimann,teicher,Benno Baumgartner,Tobias Widmer,Dirk Baeumer,Adam Kiezun,14.606508763820095,7.307430039700138,4.321637922620688,2.7778365600471675,1.566357782780761,1.4297541580571411,1.3991986604059417,1.3731622308428253,1.308243169795673,1.2709422956818144,Dani Megert,Markus Keller,Martin Aeschlimann,Adam Kiezun,Benno Baumgartner,Dirk Baeumer,Darin Wright,Deepak Azad,Tobias Widmer,teicher,267.7037108613626,211.295816807117,108.78602713254088,103.66216794921888,73.99910325309868,67.12681879428224,62.65318779801865,47.20863865286577,45.713322472789706,41.957944346084055,2010-09-01 19:18:03
374,6048,344436,1,1,1,1,1,1,JDT-Text,Dani Megert,Dani Megert,Dani Megert,121034,0.15384615384615385,Dani Megert,JDT-Text-Inbox,Tom Hofmann,Benno Baumgartner,Claude Knaus,Kai-Uwe Maetzel,Tom Eicher,Christof Marti,Deepak Azad,Markus Keller,4.661742278998911,4.4153571805504725,3.2597700544330634,2.1205582047524194,1.1113552937809177,0.7232273294506365,0.621156556044634,0.533929578676329,0.36482487984237744,0.19736571712785209,Dani Megert,Markus Keller,Deepak Azad,Raksha Vasisht,Martin Aeschlimann,Benno Baumgartner,teicher,Tobias Widmer,Dirk Baeumer,Christof Marti,0.21489993163418766,0.1679948407994304,0.13862617214412554,0.1168964068296991,0.07872078714212948,0.07821544605112668,0.0758931481033762,0.07311067448847354,0.07058629051056327,0.06848321940581659,Markus Keller,Dani Megert,Martin Aeschlimann,Benno Baumgartner,Tobias Widmer,Deepak Azad,teicher,Dirk Baeumer,Raksha Vasisht,Kai-Uwe Maetzel,153.37010853670103,133.21910451526475,60.480812462795505,54.864327978716794,49.73972465129782,49.36628571053526,41.07879318490518,34.1481187571606,31.23815805087864,22.47429837120133,2011-05-02 11:20:10
377,6051,344552,1,1,1,1,1,1,JDT-Text,Dani Megert,Dani Megert,Dani Megert,127695,0.1,Dani Megert,JDT-Text-Inbox,Tom Hofmann,Benno Baumgartner,Christof Marti,Markus Keller,Kai-Uwe Maetzel,Claude Knaus,Martin Aeschlimann,Platform-UI-Inbox,26.277160995474034,25.09394515451513,18.71192876992336,16.075549575054698,7.0781961033063565,5.50678581529385,4.450646113481921,2.998578692245044,2.856285468107457,1.5463089020901264,Dani Megert,Markus Keller,Raksha Vasisht,teicher,Deepak Azad,Martin Aeschlimann,Kai-Uwe Maetzel,Tobias Widmer,Benno Baumgartner,Dirk Baeumer,1.2562781209114575,1.1935138482390155,0.8474726106085027,0.7073913853790711,0.6610025846340188,0.5627115657374819,0.5389948418231046,0.5372040648811196,0.4347386071904974,0.3895536202563177,Markus Keller,Benno Baumgartner,Dani Megert,Martin Aeschlimann,Deepak Azad,Tobias Widmer,teicher,Dirk Baeumer,Raksha Vasisht,Adam Kiezun,170.31827861622025,160.0988349048244,159.45270791467638,74.60041222090895,54.7867037774477,50.33738378335867,43.444523876939314,37.18428530126494,32.78588396737975,31.587221447745875,2011-05-03 11:18:50
509,6183,393007,1,1,1,1,1,1,JDT-Text,Dani Megert,Dani Megert,Dani Megert,27292,0.09803921568627452,Dani Megert,JDT-Text-Inbox,Tom Hofmann,Benno Baumgartner,Markus Keller,Christof Marti,Martin Aeschlimann,Kai-Uwe Maetzel,Claude Knaus,Adam Kiezun,33.761214120965946,30.163256315111035,18.271459112358748,17.136660291385294,11.371658833443597,6.413525847286167,6.081044249255784,4.5821583082940585,4.167364620102984,2.2562631568777096,Dani Megert,Markus Keller,Benno Baumgartner,Deepak Azad,Martin Aeschlimann,Dirk Baeumer,Adam Kiezun,Tobias Widmer,teicher,Raksha Vasisht,2.12874149995623,2.0000295899389373,1.4691560705738569,0.7032705270792765,0.629422248594959,0.5906598663451087,0.5728442370101128,0.5594865116968557,0.5550663579732786,0.5428323197361397,Dani Megert,Markus Keller,Deepak Azad,Martin Aeschlimann,Benno Baumgartner,Darin Wright,Dirk Baeumer,Tobias Widmer,teicher,Adam Kiezun,283.0833446812716,244.94836967024682,144.7026939684785,138.86518486564162,73.10991017243603,62.55498683687666,60.58235423422526,58.553288974700344,57.019325265794286,51.207688368283094,2012-10-28 19:55:10
